row,name,brand,price,stock,type,validation,notes
1,Tudor Glamour 411,Tudor,15394122,13,automatic,OK,Brand not found (will create on import)
2,Seiko Prospex Alpinist 235,Seiko,2049482,14,automatic,OK,Brand mapped
3,IWC Ingenieur 928,IWC,13626989,27,automatic,OK,Brand mapped
4,Casio G-Shock GW-9400 868,Casio,571278,29,automatic,OK,Brand mapped
5,Tudor Glamour 629,Tudor,13129006,7,automatic,OK,Brand not found (will create on import)
6,Hublot Big Bang 516,Hublot,40270392,15,automatic,OK,Brand mapped
7,IWC Portugieser 385,IWC,18820005,4,automatic,OK,Brand mapped
8,Panerai Radiomir 191,Panerai,7251237,12,automatic,OK,Brand not found (will create on import)
9,Omega Seamaster Planet Ocean 417,Omega,28038183,15,automatic,OK,Brand mapped
10,Panerai Radiomir 778,Panerai,9675856,27,automatic,OK,Brand not found (will create on import)
11,Panerai Luminor 219,Panerai,14633779,14,automatic,OK,Brand not found (will create on import)
12,Seiko Presage Cocktail Time 667,Seiko,5802961,23,automatic,OK,Brand mapped
13,Audemars Piguet Royal Oak Offshore 312,Audemars Piguet,79244292,9,automatic,OK,Brand mapped
14,TAG Heuer Monaco 661,TAG Heuer,6337688,16,automatic,OK,Brand mapped
15,Patek Philippe Aquanaut 330,Patek Philippe,112687243,17,automatic,OK,Brand mapped
16,Breitling Navitimer 934,Breitling,20996289,12,automatic,OK,Brand not found (will create on import)
17,Panerai Radiomir 586,Panerai,7355831,22,automatic,OK,Brand not found (will create on import)
18,Tudor Black Bay GMT 252,Tudor,11222640,15,automatic,OK,Brand not found (will create on import)
19,Longines Master Collection 714,Longines,4619374,5,automatic,OK,Brand not found (will create on import)
20,Patek Philippe Aquanaut 686,Patek Philippe,64943692,26,automatic,OK,Brand mapped
21,Rolex Sea-Dweller 365,Rolex,63850946,8,automatic,OK,Brand mapped
22,Hublot Big Bang 204,Hublot,37386893,10,automatic,OK,Brand mapped
23,Longines HydroConquest 545,Longines,6439269,8,automatic,OK,Brand not found (will create on import)
24,Patek Philippe Calatrava 442,Patek Philippe,67169800,8,automatic,OK,Brand mapped
25,Panerai Radiomir 194,Panerai,14575589,11,automatic,OK,Brand not found (will create on import)
26,TAG Heuer Monaco 353,TAG Heuer,7446418,6,automatic,OK,Brand mapped
27,Breitling Superocean 858,Breitling,22421391,16,automatic,OK,Brand not found (will create on import)
28,Longines Conquest 774,Longines,4368580,11,automatic,OK,Brand not found (will create on import)
29,Omega Seamaster Planet Ocean 805,Omega,17626833,7,automatic,OK,Brand mapped
30,Tudor Black Bay GMT 419,Tudor,13613454,25,automatic,OK,Brand not found (will create on import)
31,Casio G-Shock GW-9400 822,Casio,319573,8,automatic,OK,Brand mapped
32,Hublot Big Bang 973,Hublot,27280421,29,automatic,OK,Brand mapped
33,Hublot Big Bang 191,Hublot,35775763,11,automatic,OK,Brand mapped
34,IWC Ingenieur 794,IWC,12082975,30,automatic,OK,Brand mapped
35,IWC Ingenieur 306,IWC,14975190,15,automatic,OK,Brand mapped
36,Hublot Big Bang 551,Hublot,28481028,3,automatic,OK,Brand mapped
37,Hublot Big Bang 462,Hublot,17751891,2,automatic,OK,Brand mapped
38,Patek Philippe Aquanaut 628,Patek Philippe,128523488,23,automatic,OK,Brand mapped
39,TAG Heuer Monaco 840,TAG Heuer,5278121,2,automatic,OK,Brand mapped
40,Patek Philippe Nautilus 195,Patek Philippe,42444497,1,automatic,OK,Brand mapped
41,Casio Pro Trek 136,Casio,703202,13,automatic,OK,Brand mapped
42,Panerai Luminor 516,Panerai,9836166,25,automatic,OK,Brand not found (will create on import)
43,TAG Heuer Formula 1 394,TAG Heuer,13656601,7,automatic,OK,Brand mapped
44,Omega Speedmaster Professional 291,Omega,17164631,9,automatic,OK,Brand mapped
45,Breitling Chronomat 561,Breitling,20535573,1,automatic,OK,Brand not found (will create on import)
46,IWC Ingenieur 695,IWC,23666267,22,automatic,OK,Brand mapped
47,IWC Ingenieur 840,IWC,13908786,1,automatic,OK,Brand mapped
48,Omega De Ville 897,Omega,29198630,24,automatic,OK,Brand mapped
49,TAG Heuer Aquaracer 439,TAG Heuer,12712649,7,automatic,OK,Brand mapped
50,Breitling Superocean 394,Breitling,21417640,22,automatic,OK,Brand not found (will create on import)
51,Patek Philippe Nautilus 861,Patek Philippe,138775897,24,automatic,OK,Brand mapped
52,Audemars Piguet Royal Oak 229,Audemars Piguet,53497964,21,automatic,OK,Brand mapped
53,Panerai Luminor 388,Panerai,18205977,6,automatic,OK,Brand not found (will create on import)
54,Casio Edifice 803,Casio,907592,4,automatic,OK,Brand mapped
55,Tudor Pelagos 476,Tudor,7297838,10,automatic,OK,Brand not found (will create on import)
56,Panerai Radiomir 802,Panerai,6478131,23,automatic,OK,Brand not found (will create on import)
57,Panerai Radiomir 862,Panerai,13051841,15,automatic,OK,Brand not found (will create on import)
58,IWC Ingenieur 837,IWC,13545530,22,automatic,OK,Brand mapped
59,Patek Philippe Nautilus 883,Patek Philippe,58987209,10,automatic,OK,Brand mapped
60,TAG Heuer Formula 1 154,TAG Heuer,13990358,21,automatic,OK,Brand mapped
61,IWC Ingenieur 247,IWC,16623585,27,automatic,OK,Brand mapped
62,Patek Philippe Aquanaut 656,Patek Philippe,60052916,6,automatic,OK,Brand mapped
63,Rolex GMT-Master II 101,Rolex,77406319,17,automatic,OK,Brand mapped
64,Panerai Luminor 561,Panerai,13086817,15,automatic,OK,Brand not found (will create on import)
65,Patek Philippe Nautilus 869,Patek Philippe,119577014,13,automatic,OK,Brand mapped
66,Rolex Sea-Dweller 441,Rolex,59458657,29,automatic,OK,Brand mapped
67,Tudor Pelagos 339,Tudor,7630268,10,automatic,OK,Brand not found (will create on import)
68,Seiko Prospex Alpinist 158,Seiko,3004759,5,automatic,OK,Brand mapped
69,Audemars Piguet Royal Oak Offshore 303,Audemars Piguet,126496529,30,automatic,OK,Brand mapped
70,TAG Heuer Formula 1 598,TAG Heuer,9337881,6,automatic,OK,Brand mapped
71,Audemars Piguet Royal Oak 420,Audemars Piguet,76858504,27,automatic,OK,Brand mapped
72,Audemars Piguet Royal Oak 232,Audemars Piguet,70556874,30,automatic,OK,Brand mapped
73,Panerai Radiomir 599,Panerai,19164013,9,automatic,OK,Brand not found (will create on import)
74,Audemars Piguet Royal Oak 514,Audemars Piguet,79899654,28,automatic,OK,Brand mapped
75,Panerai Radiomir 610,Panerai,12788751,19,automatic,OK,Brand not found (will create on import)
76,Longines HydroConquest 916,Longines,7925576,11,automatic,OK,Brand not found (will create on import)
77,TAG Heuer Carrera 464,TAG Heuer,7452191,15,automatic,OK,Brand mapped
78,Patek Philippe Calatrava 766,Patek Philippe,68040016,29,automatic,OK,Brand mapped
79,Rolex Datejust 752,Rolex,66378782,29,automatic,OK,Brand mapped
80,Seiko Presage 326,Seiko,5586027,17,automatic,OK,Brand mapped
81,Omega Constellation 606,Omega,23567443,15,automatic,OK,Brand mapped
82,Casio Edifice 825,Casio,725666,28,automatic,OK,Brand mapped
83,Panerai Luminor 688,Panerai,8871826,3,automatic,OK,Brand not found (will create on import)
84,IWC Ingenieur 808,IWC,10733178,4,automatic,OK,Brand mapped
85,Rolex Daytona 671,Rolex,76933415,11,automatic,OK,Brand mapped
86,Longines HydroConquest 520,Longines,4867818,2,automatic,OK,Brand not found (will create on import)
87,Patek Philippe Nautilus 994,Patek Philippe,109189767,9,automatic,OK,Brand mapped
88,Audemars Piguet Royal Oak Offshore 296,Audemars Piguet,59381282,21,automatic,OK,Brand mapped
89,Seiko Presage 645,Seiko,4305065,3,automatic,OK,Brand mapped
90,Omega Speedmaster Professional 539,Omega,19546297,18,automatic,OK,Brand mapped
91,TAG Heuer Carrera 348,TAG Heuer,7706972,23,automatic,OK,Brand mapped
92,Seiko Prospex Alpinist 132,Seiko,1988106,13,automatic,OK,Brand mapped
93,Patek Philippe Aquanaut 376,Patek Philippe,90057778,9,automatic,OK,Brand mapped
94,Hublot Classic Fusion 626,Hublot,47613762,13,automatic,OK,Brand mapped
95,Panerai Radiomir 329,Panerai,17692276,25,automatic,OK,Brand not found (will create on import)
96,Hublot Classic Fusion 850,Hublot,34942980,5,automatic,OK,Brand mapped
97,Panerai Radiomir 557,Panerai,18225873,20,automatic,OK,Brand not found (will create on import)
98,Tudor Glamour 685,Tudor,13892078,22,automatic,OK,Brand not found (will create on import)
99,Audemars Piguet Royal Oak 136,Audemars Piguet,75408708,8,automatic,OK,Brand mapped
100,Casio G-Shock GW-9400 442,Casio,714386,20,automatic,OK,Brand mapped
101,Patek Philippe Calatrava 954,Patek Philippe,73676805,28,automatic,OK,Brand mapped
102,Panerai Luminor 719,Panerai,9122985,21,automatic,OK,Brand not found (will create on import)
103,Seiko Presage 178,Seiko,2982193,28,automatic,OK,Brand mapped
104,Audemars Piguet Royal Oak 117,Audemars Piguet,139720656,27,automatic,OK,Brand mapped
105,IWC Portugieser 873,IWC,11582931,15,automatic,OK,Brand mapped
106,Hublot Big Bang 485,Hublot,33362936,30,automatic,OK,Brand mapped
107,Rolex Daytona 710,Rolex,30353794,29,automatic,OK,Brand mapped
108,Rolex Explorer 221,Rolex,28403746,17,automatic,OK,Brand mapped
109,Omega De Ville 220,Omega,29342351,22,automatic,OK,Brand mapped
110,Hublot Classic Fusion 219,Hublot,20836097,2,automatic,OK,Brand mapped
111,Casio Pro Trek 533,Casio,363415,25,automatic,OK,Brand mapped
112,Tudor Black Bay GMT 585,Tudor,15229429,7,automatic,OK,Brand not found (will create on import)
113,Patek Philippe Calatrava 187,Patek Philippe,67264779,27,automatic,OK,Brand mapped
114,IWC Ingenieur 933,IWC,8723462,8,automatic,OK,Brand mapped
115,Casio G-Shock GW-9400 621,Casio,759271,1,automatic,OK,Brand mapped
116,Casio G-Shock GW-9400 441,Casio,330078,12,automatic,OK,Brand mapped
117,Breitling Chronomat 653,Breitling,15613840,2,automatic,OK,Brand not found (will create on import)
118,Omega Constellation 118,Omega,9324316,14,automatic,OK,Brand mapped
119,Rolex Datejust 138,Rolex,45354323,13,automatic,OK,Brand mapped
120,Patek Philippe Nautilus 544,Patek Philippe,126725077,22,automatic,OK,Brand mapped
121,Seiko Presage 928,Seiko,5753364,10,automatic,OK,Brand mapped
122,Patek Philippe Aquanaut 929,Patek Philippe,139513093,3,automatic,OK,Brand mapped
123,Audemars Piguet Royal Oak 842,Audemars Piguet,146680284,23,automatic,OK,Brand mapped
124,Panerai Radiomir 993,Panerai,16758480,26,automatic,OK,Brand not found (will create on import)
125,Omega Speedmaster Professional 156,Omega,13752641,1,automatic,OK,Brand mapped
126,Omega Constellation 972,Omega,21359094,14,automatic,OK,Brand mapped
127,Omega Constellation 264,Omega,17267823,3,automatic,OK,Brand mapped
128,Audemars Piguet Royal Oak 206,Audemars Piguet,74027597,14,automatic,OK,Brand mapped
129,Seiko Presage Cocktail Time 842,Seiko,3457188,5,automatic,OK,Brand mapped
130,Longines Master Collection 998,Longines,4330626,23,automatic,OK,Brand not found (will create on import)
131,Longines Conquest 613,Longines,7028646,27,automatic,OK,Brand not found (will create on import)
132,Seiko Prospex Diver 931,Seiko,4742564,16,automatic,OK,Brand mapped
133,TAG Heuer Aquaracer 550,TAG Heuer,5920214,14,automatic,OK,Brand mapped
134,Tudor Glamour 589,Tudor,7355564,5,automatic,OK,Brand not found (will create on import)
135,Tudor Glamour 744,Tudor,5539629,17,automatic,OK,Brand not found (will create on import)
136,Patek Philippe Aquanaut 182,Patek Philippe,70727163,7,automatic,OK,Brand mapped
137,Audemars Piguet Royal Oak Offshore 514,Audemars Piguet,83311069,5,automatic,OK,Brand mapped
138,Breitling Navitimer 274,Breitling,14652512,18,automatic,OK,Brand not found (will create on import)
139,Panerai Radiomir 479,Panerai,19952652,8,automatic,OK,Brand not found (will create on import)
140,Omega Seamaster Planet Ocean 125,Omega,15495268,23,automatic,OK,Brand mapped
141,Omega Seamaster Diver 300M 537,Omega,12032110,5,automatic,OK,Brand mapped
142,Panerai Radiomir 685,Panerai,16256478,14,automatic,OK,Brand not found (will create on import)
143,Longines Conquest 309,Longines,3879300,21,automatic,OK,Brand not found (will create on import)
144,Tudor Glamour 331,Tudor,12355665,21,automatic,OK,Brand not found (will create on import)
145,Panerai Luminor 126,Panerai,6388913,14,automatic,OK,Brand not found (will create on import)
146,Omega Speedmaster Professional 682,Omega,12298057,8,automatic,OK,Brand mapped
147,Tudor Black Bay Fifty-Eight 715,Tudor,8149294,12,automatic,OK,Brand not found (will create on import)
148,Omega Seamaster Planet Ocean 539,Omega,17929530,2,automatic,OK,Brand mapped
149,Rolex Sea-Dweller 802,Rolex,30419948,14,automatic,OK,Brand mapped
150,Seiko Prospex Alpinist 850,Seiko,4977067,21,automatic,OK,Brand mapped
151,Rolex Submariner 908,Rolex,64411148,9,automatic,OK,Brand mapped
152,Audemars Piguet Royal Oak 559,Audemars Piguet,133247831,17,automatic,OK,Brand mapped
153,Omega Seamaster Planet Ocean 812,Omega,17990148,4,automatic,OK,Brand mapped
154,Seiko Presage 392,Seiko,2234692,8,automatic,OK,Brand mapped
155,Audemars Piguet Royal Oak 301,Audemars Piguet,146065300,8,automatic,OK,Brand mapped
156,Seiko Prospex Diver 560,Seiko,5105437,14,automatic,OK,Brand mapped
157,Patek Philippe Calatrava 111,Patek Philippe,64743065,7,automatic,OK,Brand mapped
158,TAG Heuer Formula 1 337,TAG Heuer,8999016,8,automatic,OK,Brand mapped
159,Hublot Big Bang 186,Hublot,46030808,22,automatic,OK,Brand mapped
160,Patek Philippe Nautilus 892,Patek Philippe,124477813,21,automatic,OK,Brand mapped
161,Tudor Black Bay GMT 626,Tudor,15800284,4,automatic,OK,Brand not found (will create on import)
162,TAG Heuer Formula 1 553,TAG Heuer,13040022,10,automatic,OK,Brand mapped
163,Seiko Prospex Diver 392,Seiko,2640303,8,automatic,OK,Brand mapped
164,Rolex Daytona 104,Rolex,78549918,23,automatic,OK,Brand mapped
165,Seiko Prospex Alpinist 681,Seiko,4355124,18,automatic,OK,Brand mapped
166,Seiko Prospex Alpinist 772,Seiko,3676442,7,automatic,OK,Brand mapped
167,Tudor Pelagos 616,Tudor,13152763,16,automatic,OK,Brand not found (will create on import)
168,Rolex Oyster Perpetual 923,Rolex,59144642,10,automatic,OK,Brand mapped
169,Longines Master Collection 309,Longines,5282484,15,automatic,OK,Brand not found (will create on import)
170,Breitling Superocean 530,Breitling,14536769,5,automatic,OK,Brand not found (will create on import)
171,Audemars Piguet Royal Oak Offshore 869,Audemars Piguet,130594170,11,automatic,OK,Brand mapped
172,Longines Conquest 973,Longines,5047632,17,automatic,OK,Brand not found (will create on import)
173,Tudor Black Bay GMT 715,Tudor,10042557,28,automatic,OK,Brand not found (will create on import)
174,TAG Heuer Aquaracer 375,TAG Heuer,8005341,11,automatic,OK,Brand mapped
175,Panerai Luminor 166,Panerai,13571549,4,automatic,OK,Brand not found (will create on import)
176,Breitling Navitimer 254,Breitling,22170467,4,automatic,OK,Brand not found (will create on import)
177,Audemars Piguet Royal Oak 678,Audemars Piguet,140504538,22,automatic,OK,Brand mapped
178,TAG Heuer Aquaracer 475,TAG Heuer,7087359,4,automatic,OK,Brand mapped
179,Tudor Black Bay Fifty-Eight 264,Tudor,9442358,29,automatic,OK,Brand not found (will create on import)
180,Tudor Black Bay GMT 785,Tudor,5144896,14,automatic,OK,Brand not found (will create on import)
181,Breitling Navitimer 569,Breitling,23915656,22,automatic,OK,Brand not found (will create on import)
182,Audemars Piguet Royal Oak Offshore 309,Audemars Piguet,73852457,13,automatic,OK,Brand mapped
183,Breitling Navitimer 513,Breitling,9816713,27,automatic,OK,Brand not found (will create on import)
184,Audemars Piguet Royal Oak Offshore 603,Audemars Piguet,98800978,2,automatic,OK,Brand mapped
185,Patek Philippe Nautilus 680,Patek Philippe,103945519,5,automatic,OK,Brand mapped
186,TAG Heuer Aquaracer 343,TAG Heuer,4287334,9,automatic,OK,Brand mapped
187,IWC Pilot's Watch 803,IWC,15805263,10,automatic,OK,Brand mapped
188,Panerai Radiomir 543,Panerai,16664665,14,automatic,OK,Brand not found (will create on import)
189,IWC Portugieser 999,IWC,20252386,13,automatic,OK,Brand mapped
190,IWC Pilot's Watch 271,IWC,8999450,23,automatic,OK,Brand mapped
191,Hublot Classic Fusion 767,Hublot,42956647,24,automatic,OK,Brand mapped
192,Audemars Piguet Royal Oak 415,Audemars Piguet,122925145,6,automatic,OK,Brand mapped
193,Rolex Daytona 735,Rolex,35254876,1,automatic,OK,Brand mapped
194,Panerai Luminor 306,Panerai,12499107,14,automatic,OK,Brand not found (will create on import)
195,Casio G-Shock GW-9400 220,Casio,947412,13,automatic,OK,Brand mapped
196,Rolex Oyster Perpetual 705,Rolex,78244192,17,automatic,OK,Brand mapped
197,Audemars Piguet Royal Oak Offshore 527,Audemars Piguet,130522893,1,automatic,OK,Brand mapped
198,TAG Heuer Monaco 837,TAG Heuer,8288388,4,automatic,OK,Brand mapped
199,Panerai Radiomir 587,Panerai,14898863,24,automatic,OK,Brand not found (will create on import)
200,Omega Constellation 271,Omega,24358446,17,automatic,OK,Brand mapped
201,TAG Heuer Monaco 632,TAG Heuer,11351732,27,automatic,OK,Brand mapped
202,Audemars Piguet Royal Oak 549,Audemars Piguet,134249351,7,automatic,OK,Brand mapped
203,Tudor Pelagos 258,Tudor,7517533,23,automatic,OK,Brand not found (will create on import)
204,Breitling Chronomat 822,Breitling,23615588,22,automatic,OK,Brand not found (will create on import)
205,Casio Edifice 836,Casio,563611,13,automatic,OK,Brand mapped
206,Audemars Piguet Royal Oak 157,Audemars Piguet,57907600,23,automatic,OK,Brand mapped
207,Seiko Presage 249,Seiko,3934396,21,automatic,OK,Brand mapped
208,Panerai Radiomir 105,Panerai,12693222,1,automatic,OK,Brand not found (will create on import)
209,Seiko Prospex Diver 888,Seiko,2441097,16,automatic,OK,Brand mapped
210,Breitling Navitimer 794,Breitling,8366403,8,automatic,OK,Brand not found (will create on import)
211,Hublot Classic Fusion 931,Hublot,22519240,26,automatic,OK,Brand mapped
212,Tudor Black Bay Fifty-Eight 826,Tudor,14603643,19,automatic,OK,Brand not found (will create on import)
213,Breitling Superocean 728,Breitling,23145309,25,automatic,OK,Brand not found (will create on import)
214,TAG Heuer Formula 1 524,TAG Heuer,12787176,24,automatic,OK,Brand mapped
215,Panerai Luminor 466,Panerai,19174335,10,automatic,OK,Brand not found (will create on import)
216,Hublot Classic Fusion 428,Hublot,31921593,29,automatic,OK,Brand mapped
217,Rolex Datejust 758,Rolex,30574894,13,automatic,OK,Brand mapped
218,TAG Heuer Monaco 356,TAG Heuer,9041457,23,automatic,OK,Brand mapped
219,Audemars Piguet Royal Oak 828,Audemars Piguet,58765439,5,automatic,OK,Brand mapped
220,Breitling Chronomat 133,Breitling,20125933,6,automatic,OK,Brand not found (will create on import)
221,Rolex GMT-Master II 361,Rolex,71048299,14,automatic,OK,Brand mapped
222,Longines Master Collection 719,Longines,3502346,10,automatic,OK,Brand not found (will create on import)
223,TAG Heuer Formula 1 558,TAG Heuer,8908907,7,automatic,OK,Brand mapped
224,Breitling Superocean 218,Breitling,20615915,26,automatic,OK,Brand not found (will create on import)
225,Breitling Chronomat 338,Breitling,7623936,4,automatic,OK,Brand not found (will create on import)
226,Hublot Classic Fusion 241,Hublot,16275036,11,automatic,OK,Brand mapped
227,Patek Philippe Calatrava 584,Patek Philippe,100080275,6,automatic,OK,Brand mapped
228,Hublot Big Bang 778,Hublot,33933812,9,automatic,OK,Brand mapped
229,Tudor Pelagos 410,Tudor,8816607,29,automatic,OK,Brand not found (will create on import)
230,Audemars Piguet Royal Oak 698,Audemars Piguet,107160354,21,automatic,OK,Brand mapped
231,Breitling Chronomat 149,Breitling,13532529,26,automatic,OK,Brand not found (will create on import)
232,Hublot Big Bang 113,Hublot,45944257,22,automatic,OK,Brand mapped
233,Patek Philippe Calatrava 203,Patek Philippe,95047069,21,automatic,OK,Brand mapped
234,IWC Pilot's Watch 651,IWC,13409412,20,automatic,OK,Brand mapped
235,IWC Portugieser 542,IWC,21518984,15,automatic,OK,Brand mapped
236,Tudor Black Bay GMT 370,Tudor,8776294,13,automatic,OK,Brand not found (will create on import)
237,Hublot Big Bang 400,Hublot,31574717,23,automatic,OK,Brand mapped
238,Tudor Black Bay Fifty-Eight 182,Tudor,11523670,30,automatic,OK,Brand not found (will create on import)
239,Hublot Big Bang 728,Hublot,16802464,16,automatic,OK,Brand mapped
240,Audemars Piguet Royal Oak Offshore 244,Audemars Piguet,48381328,3,automatic,OK,Brand mapped
241,Tudor Pelagos 934,Tudor,7654451,17,automatic,OK,Brand not found (will create on import)
242,Tudor Black Bay Fifty-Eight 409,Tudor,10007440,26,automatic,OK,Brand not found (will create on import)
243,TAG Heuer Formula 1 532,TAG Heuer,9455106,16,automatic,OK,Brand mapped
244,Hublot Big Bang 245,Hublot,33772245,6,automatic,OK,Brand mapped
245,Breitling Navitimer 631,Breitling,19017209,28,automatic,OK,Brand not found (will create on import)
246,Omega Constellation 181,Omega,18371199,17,automatic,OK,Brand mapped
247,Panerai Luminor 404,Panerai,14078282,4,automatic,OK,Brand not found (will create on import)
248,Longines HydroConquest 479,Longines,4873581,15,automatic,OK,Brand not found (will create on import)
249,Seiko Presage 583,Seiko,5163112,4,automatic,OK,Brand mapped
250,Casio G-Shock GW-9400 677,Casio,652202,19,automatic,OK,Brand mapped
251,Tudor Pelagos 688,Tudor,9826524,23,automatic,OK,Brand not found (will create on import)
252,Rolex GMT-Master II 410,Rolex,52816543,2,automatic,OK,Brand mapped
253,Audemars Piguet Royal Oak 779,Audemars Piguet,71429840,18,automatic,OK,Brand mapped
254,TAG Heuer Monaco 838,TAG Heuer,9171036,12,automatic,OK,Brand mapped
255,Casio Edifice 687,Casio,666915,23,automatic,OK,Brand mapped
256,Breitling Navitimer 522,Breitling,8523401,10,automatic,OK,Brand not found (will create on import)
257,Seiko Presage 169,Seiko,3168984,22,automatic,OK,Brand mapped
258,TAG Heuer Monaco 518,TAG Heuer,13013794,23,automatic,OK,Brand mapped
259,Panerai Radiomir 227,Panerai,11809802,22,automatic,OK,Brand not found (will create on import)
260,Hublot Big Bang 620,Hublot,29355338,9,automatic,OK,Brand mapped
261,Audemars Piguet Royal Oak 696,Audemars Piguet,139651444,3,automatic,OK,Brand mapped
262,TAG Heuer Monaco 573,TAG Heuer,8016036,15,automatic,OK,Brand mapped
263,Longines HydroConquest 226,Longines,2880299,23,automatic,OK,Brand not found (will create on import)
264,Seiko Presage 819,Seiko,3925675,7,automatic,OK,Brand mapped
265,Casio Pro Trek 251,Casio,797846,24,automatic,OK,Brand mapped
266,Panerai Luminor 792,Panerai,19070071,12,automatic,OK,Brand not found (will create on import)
267,Seiko Prospex Alpinist 426,Seiko,1962013,6,automatic,OK,Brand mapped
268,Longines Master Collection 308,Longines,3758366,1,automatic,OK,Brand not found (will create on import)
269,Hublot Classic Fusion 187,Hublot,31284676,28,automatic,OK,Brand mapped
270,Patek Philippe Aquanaut 979,Patek Philippe,130738239,21,automatic,OK,Brand mapped
271,Breitling Navitimer 622,Breitling,10523117,6,automatic,OK,Brand not found (will create on import)
272,Audemars Piguet Royal Oak 792,Audemars Piguet,115651859,8,automatic,OK,Brand mapped
273,Rolex Daytona 372,Rolex,24725204,13,automatic,OK,Brand mapped
274,Hublot Big Bang 742,Hublot,35394631,29,automatic,OK,Brand mapped
275,Audemars Piguet Royal Oak 294,Audemars Piguet,134567985,8,automatic,OK,Brand mapped
276,Rolex GMT-Master II 757,Rolex,30888216,9,automatic,OK,Brand mapped
277,IWC Pilot's Watch 196,IWC,20653406,20,automatic,OK,Brand mapped
278,Panerai Radiomir 401,Panerai,17102219,25,automatic,OK,Brand not found (will create on import)
279,Rolex Explorer 661,Rolex,73129287,3,automatic,OK,Brand mapped
280,Hublot Big Bang 906,Hublot,16889216,14,automatic,OK,Brand mapped
281,Tudor Black Bay GMT 783,Tudor,11404807,23,automatic,OK,Brand not found (will create on import)
282,Rolex Sea-Dweller 742,Rolex,74007157,22,automatic,OK,Brand mapped
283,Casio G-Shock GW-9400 126,Casio,501877,2,automatic,OK,Brand mapped
284,IWC Ingenieur 845,IWC,23973101,25,automatic,OK,Brand mapped
285,Panerai Radiomir 847,Panerai,7521510,27,automatic,OK,Brand not found (will create on import)
286,Breitling Navitimer 640,Breitling,14357691,22,automatic,OK,Brand not found (will create on import)
287,Hublot Big Bang 104,Hublot,42550914,7,automatic,OK,Brand mapped
288,Audemars Piguet Royal Oak 886,Audemars Piguet,110852815,2,automatic,OK,Brand mapped
289,Longines HydroConquest 806,Longines,6457944,18,automatic,OK,Brand not found (will create on import)
290,Rolex Sea-Dweller 317,Rolex,51014861,11,automatic,OK,Brand mapped
291,Longines HydroConquest 869,Longines,7594967,2,automatic,OK,Brand not found (will create on import)
292,Longines HydroConquest 548,Longines,7818534,12,automatic,OK,Brand not found (will create on import)
293,Rolex Daytona 498,Rolex,26260166,22,automatic,OK,Brand mapped
294,Longines HydroConquest 477,Longines,4168698,2,automatic,OK,Brand not found (will create on import)
295,TAG Heuer Monaco 662,TAG Heuer,11566940,5,automatic,OK,Brand mapped
296,Hublot Big Bang 508,Hublot,24187991,21,automatic,OK,Brand mapped
297,Hublot Big Bang 355,Hublot,15372674,15,automatic,OK,Brand mapped
298,Hublot Big Bang 571,Hublot,35162395,9,automatic,OK,Brand mapped
299,Hublot Classic Fusion 724,Hublot,36940885,1,automatic,OK,Brand mapped
300,Patek Philippe Nautilus 409,Patek Philippe,81232627,12,automatic,OK,Brand mapped
301,Seiko Prospex Diver 110,Seiko,2670936,27,automatic,OK,Brand mapped
302,Rolex Oyster Perpetual 127,Rolex,38738895,16,automatic,OK,Brand mapped
303,Seiko Presage Cocktail Time 214,Seiko,4331022,30,automatic,OK,Brand mapped
304,Panerai Luminor 609,Panerai,8685765,19,automatic,OK,Brand not found (will create on import)
305,TAG Heuer Formula 1 683,TAG Heuer,13882288,26,automatic,OK,Brand mapped
306,IWC Portugieser 362,IWC,16565082,11,automatic,OK,Brand mapped
307,Casio G-Shock GW-9400 137,Casio,652300,15,automatic,OK,Brand mapped
308,Breitling Superocean 679,Breitling,11352562,6,automatic,OK,Brand not found (will create on import)
309,Omega Constellation 802,Omega,16242234,16,automatic,OK,Brand mapped
310,Audemars Piguet Royal Oak Offshore 678,Audemars Piguet,112086671,14,automatic,OK,Brand mapped
311,TAG Heuer Carrera 713,TAG Heuer,10435937,22,automatic,OK,Brand mapped
312,Audemars Piguet Royal Oak 433,Audemars Piguet,135038674,27,automatic,OK,Brand mapped
313,Audemars Piguet Royal Oak Offshore 205,Audemars Piguet,157434509,29,automatic,OK,Brand mapped
314,Hublot Big Bang 827,Hublot,35424025,17,automatic,OK,Brand mapped
315,Panerai Radiomir 538,Panerai,9601750,22,automatic,OK,Brand not found (will create on import)
316,Patek Philippe Calatrava 370,Patek Philippe,94178322,9,automatic,OK,Brand mapped
317,Hublot Classic Fusion 966,Hublot,44361764,20,automatic,OK,Brand mapped
318,TAG Heuer Carrera 903,TAG Heuer,8109000,13,automatic,OK,Brand mapped
319,IWC Ingenieur 767,IWC,19792778,21,automatic,OK,Brand mapped
320,Tudor Black Bay GMT 170,Tudor,11028355,11,automatic,OK,Brand not found (will create on import)
321,Panerai Luminor 187,Panerai,12369642,29,automatic,OK,Brand not found (will create on import)
322,Hublot Classic Fusion 175,Hublot,42888347,26,automatic,OK,Brand mapped
323,Casio Edifice 636,Casio,675270,3,automatic,OK,Brand mapped
324,Hublot Classic Fusion 787,Hublot,18073445,8,automatic,OK,Brand mapped
325,Hublot Classic Fusion 693,Hublot,16122653,18,automatic,OK,Brand mapped
326,Casio Pro Trek 715,Casio,794627,16,automatic,OK,Brand mapped
327,Panerai Radiomir 923,Panerai,19191782,20,automatic,OK,Brand not found (will create on import)
328,Hublot Classic Fusion 723,Hublot,24664454,17,automatic,OK,Brand mapped
329,Longines HydroConquest 498,Longines,5126651,18,automatic,OK,Brand not found (will create on import)
330,Audemars Piguet Royal Oak Offshore 999,Audemars Piguet,149726716,25,automatic,OK,Brand mapped
331,Patek Philippe Nautilus 355,Patek Philippe,97894316,20,automatic,OK,Brand mapped
332,Breitling Chronomat 853,Breitling,20679801,27,automatic,OK,Brand not found (will create on import)
333,Tudor Black Bay GMT 344,Tudor,6117744,4,automatic,OK,Brand not found (will create on import)
334,Tudor Pelagos 139,Tudor,9613256,22,automatic,OK,Brand not found (will create on import)
335,Casio Pro Trek 880,Casio,793064,14,automatic,OK,Brand mapped
336,Hublot Classic Fusion 884,Hublot,27312011,18,automatic,OK,Brand mapped
337,Casio G-Shock GW-9400 264,Casio,933043,10,automatic,OK,Brand mapped
338,Longines Conquest 943,Longines,5053380,12,automatic,OK,Brand not found (will create on import)
339,Hublot Classic Fusion 513,Hublot,47291065,7,automatic,OK,Brand mapped
340,Patek Philippe Calatrava 282,Patek Philippe,53661958,30,automatic,OK,Brand mapped
341,Omega Seamaster Planet Ocean 151,Omega,25720078,16,automatic,OK,Brand mapped
342,Rolex Explorer 568,Rolex,31681761,4,automatic,OK,Brand mapped
343,Tudor Black Bay Fifty-Eight 845,Tudor,15853543,5,automatic,OK,Brand not found (will create on import)
344,TAG Heuer Carrera 975,TAG Heuer,10666233,10,automatic,OK,Brand mapped
345,Panerai Radiomir 390,Panerai,13665019,7,automatic,OK,Brand not found (will create on import)
346,Rolex Sea-Dweller 640,Rolex,43927454,30,automatic,OK,Brand mapped
347,Casio Edifice 233,Casio,343823,29,automatic,OK,Brand mapped
348,TAG Heuer Aquaracer 230,TAG Heuer,6798245,27,automatic,OK,Brand mapped
349,Patek Philippe Aquanaut 215,Patek Philippe,104303739,9,automatic,OK,Brand mapped
350,Longines Conquest 721,Longines,2401966,10,automatic,OK,Brand not found (will create on import)
351,Audemars Piguet Royal Oak Offshore 822,Audemars Piguet,117014663,15,automatic,OK,Brand mapped
352,Casio Edifice 289,Casio,634799,10,automatic,OK,Brand mapped
353,TAG Heuer Formula 1 740,TAG Heuer,7943046,18,automatic,OK,Brand mapped
354,Tudor Black Bay Fifty-Eight 226,Tudor,5384956,7,automatic,OK,Brand not found (will create on import)
355,Casio G-Shock GW-9400 464,Casio,340187,26,automatic,OK,Brand mapped
356,Breitling Chronomat 810,Breitling,20225739,17,automatic,OK,Brand not found (will create on import)
357,Patek Philippe Aquanaut 381,Patek Philippe,85183924,30,automatic,OK,Brand mapped
358,Hublot Classic Fusion 305,Hublot,25514734,26,automatic,OK,Brand mapped
359,Breitling Chronomat 571,Breitling,15795919,20,automatic,OK,Brand not found (will create on import)
360,Omega Seamaster Diver 300M 863,Omega,19483613,28,automatic,OK,Brand mapped
361,Rolex Sea-Dweller 575,Rolex,70765059,28,automatic,OK,Brand mapped
362,TAG Heuer Carrera 646,TAG Heuer,10410079,20,automatic,OK,Brand mapped
363,Audemars Piguet Royal Oak 333,Audemars Piguet,71175941,12,automatic,OK,Brand mapped
364,Breitling Navitimer 701,Breitling,10177529,6,automatic,OK,Brand not found (will create on import)
365,TAG Heuer Carrera 374,TAG Heuer,13755957,16,automatic,OK,Brand mapped
366,Panerai Radiomir 679,Panerai,6529475,26,automatic,OK,Brand not found (will create on import)
367,Rolex Sea-Dweller 260,Rolex,48777012,5,automatic,OK,Brand mapped
368,TAG Heuer Carrera 708,TAG Heuer,11221434,5,automatic,OK,Brand mapped
369,Hublot Big Bang 600,Hublot,34668658,16,automatic,OK,Brand mapped
370,Longines Master Collection 986,Longines,7103789,4,automatic,OK,Brand not found (will create on import)
371,Hublot Big Bang 256,Hublot,28134915,27,automatic,OK,Brand mapped
372,Breitling Chronomat 263,Breitling,14139322,12,automatic,OK,Brand not found (will create on import)
373,Hublot Classic Fusion 847,Hublot,35891957,14,automatic,OK,Brand mapped
374,Casio G-Shock GW-9400 206,Casio,508206,26,automatic,OK,Brand mapped
375,Breitling Navitimer 834,Breitling,11737711,7,automatic,OK,Brand not found (will create on import)
376,TAG Heuer Monaco 557,TAG Heuer,9420177,10,automatic,OK,Brand mapped
377,Audemars Piguet Royal Oak Offshore 167,Audemars Piguet,102761648,10,automatic,OK,Brand mapped
378,TAG Heuer Aquaracer 216,TAG Heuer,5564371,20,automatic,OK,Brand mapped
379,Audemars Piguet Royal Oak Offshore 281,Audemars Piguet,83470156,7,automatic,OK,Brand mapped
380,Hublot Big Bang 915,Hublot,31791513,19,automatic,OK,Brand mapped
381,TAG Heuer Carrera 943,TAG Heuer,13369392,20,automatic,OK,Brand mapped
382,Longines HydroConquest 587,Longines,5480922,1,automatic,OK,Brand not found (will create on import)
383,Breitling Chronomat 502,Breitling,16302425,19,automatic,OK,Brand not found (will create on import)
384,Breitling Superocean 687,Breitling,10309285,10,automatic,OK,Brand not found (will create on import)
385,Breitling Navitimer 125,Breitling,21328010,23,automatic,OK,Brand not found (will create on import)
386,Seiko Prospex Diver 130,Seiko,3651967,25,automatic,OK,Brand mapped
387,IWC Pilot's Watch 973,IWC,12168794,12,automatic,OK,Brand mapped
388,Patek Philippe Aquanaut 547,Patek Philippe,47405416,19,automatic,OK,Brand mapped
389,Tudor Black Bay Fifty-Eight 795,Tudor,10353368,5,automatic,OK,Brand not found (will create on import)
390,Omega Constellation 475,Omega,17440964,28,automatic,OK,Brand mapped
391,Omega Constellation 128,Omega,9926057,24,automatic,OK,Brand mapped
392,Longines Conquest 650,Longines,5669105,18,automatic,OK,Brand not found (will create on import)
393,Hublot Classic Fusion 843,Hublot,34875438,18,automatic,OK,Brand mapped
394,Audemars Piguet Royal Oak 370,Audemars Piguet,86602327,5,automatic,OK,Brand mapped
395,Panerai Luminor 662,Panerai,15376502,4,automatic,OK,Brand not found (will create on import)
396,Tudor Glamour 640,Tudor,5517133,2,automatic,OK,Brand not found (will create on import)
397,Breitling Superocean 539,Breitling,7304195,8,automatic,OK,Brand not found (will create on import)
398,Hublot Classic Fusion 527,Hublot,21157379,10,automatic,OK,Brand mapped
399,Hublot Big Bang 777,Hublot,16655336,18,automatic,OK,Brand mapped
400,Patek Philippe Aquanaut 395,Patek Philippe,115215584,20,automatic,OK,Brand mapped
401,Patek Philippe Calatrava 858,Patek Philippe,81528397,20,automatic,OK,Brand mapped
402,Tudor Pelagos 186,Tudor,14765971,14,automatic,OK,Brand not found (will create on import)
403,IWC Pilot's Watch 627,IWC,10074873,14,automatic,OK,Brand mapped
404,Omega Seamaster Diver 300M 895,Omega,12385448,16,automatic,OK,Brand mapped
405,TAG Heuer Aquaracer 590,TAG Heuer,9717382,7,automatic,OK,Brand mapped
406,Seiko Presage Cocktail Time 799,Seiko,3198786,30,automatic,OK,Brand mapped
407,TAG Heuer Aquaracer 159,TAG Heuer,9719105,24,automatic,OK,Brand mapped
408,Panerai Luminor 431,Panerai,6971183,24,automatic,OK,Brand not found (will create on import)
409,Omega Speedmaster Professional 474,Omega,9500585,21,automatic,OK,Brand mapped
410,Rolex Submariner 269,Rolex,70051207,23,automatic,OK,Brand mapped
411,Panerai Radiomir 463,Panerai,9356834,2,automatic,OK,Brand not found (will create on import)
412,Patek Philippe Aquanaut 478,Patek Philippe,47101379,18,automatic,OK,Brand mapped
413,Tudor Glamour 278,Tudor,10055575,10,automatic,OK,Brand not found (will create on import)
414,Audemars Piguet Royal Oak 737,Audemars Piguet,52312562,22,automatic,OK,Brand mapped
415,Longines Master Collection 493,Longines,6232946,18,automatic,OK,Brand not found (will create on import)
416,Audemars Piguet Royal Oak 134,Audemars Piguet,70738725,29,automatic,OK,Brand mapped
417,Tudor Black Bay Fifty-Eight 941,Tudor,7974295,7,automatic,OK,Brand not found (will create on import)
418,IWC Portugieser 734,IWC,9230820,3,automatic,OK,Brand mapped
419,Tudor Black Bay GMT 407,Tudor,7077719,30,automatic,OK,Brand not found (will create on import)
420,Audemars Piguet Royal Oak 853,Audemars Piguet,88358661,2,automatic,OK,Brand mapped
421,Longines HydroConquest 978,Longines,7300333,16,automatic,OK,Brand not found (will create on import)
422,Audemars Piguet Royal Oak Offshore 249,Audemars Piguet,85954230,4,automatic,OK,Brand mapped
423,Patek Philippe Calatrava 414,Patek Philippe,100872825,4,automatic,OK,Brand mapped
424,Rolex Daytona 650,Rolex,73029988,20,automatic,OK,Brand mapped
425,Rolex Sea-Dweller 492,Rolex,79356770,6,automatic,OK,Brand mapped
426,Panerai Radiomir 164,Panerai,18214420,13,automatic,OK,Brand not found (will create on import)
427,Audemars Piguet Royal Oak Offshore 124,Audemars Piguet,55719507,29,automatic,OK,Brand mapped
428,Breitling Chronomat 202,Breitling,19414189,1,automatic,OK,Brand not found (will create on import)
429,Panerai Radiomir 632,Panerai,17067040,17,automatic,OK,Brand not found (will create on import)
430,Longines HydroConquest 926,Longines,7821597,4,automatic,OK,Brand not found (will create on import)
431,Rolex Submariner 773,Rolex,71123565,21,automatic,OK,Brand mapped
432,Audemars Piguet Royal Oak Offshore 549,Audemars Piguet,56281629,12,automatic,OK,Brand mapped
433,Patek Philippe Aquanaut 593,Patek Philippe,87626632,7,automatic,OK,Brand mapped
434,Panerai Luminor 881,Panerai,7393474,15,automatic,OK,Brand not found (will create on import)
435,Breitling Superocean 271,Breitling,18347975,18,automatic,OK,Brand not found (will create on import)
436,Breitling Navitimer 805,Breitling,22184493,16,automatic,OK,Brand not found (will create on import)
437,TAG Heuer Carrera 111,TAG Heuer,6822746,13,automatic,OK,Brand mapped
438,Tudor Black Bay Fifty-Eight 764,Tudor,14620319,20,automatic,OK,Brand not found (will create on import)
439,Omega Speedmaster Professional 499,Omega,15783320,30,automatic,OK,Brand mapped
440,Panerai Luminor 472,Panerai,16426401,19,automatic,OK,Brand not found (will create on import)
441,Rolex Submariner 579,Rolex,37092067,28,automatic,OK,Brand mapped
442,Longines Master Collection 594,Longines,7608400,13,automatic,OK,Brand not found (will create on import)
443,Tudor Glamour 667,Tudor,15956503,3,automatic,OK,Brand not found (will create on import)
444,Longines Conquest 494,Longines,5268817,17,automatic,OK,Brand not found (will create on import)
445,Breitling Navitimer 432,Breitling,20656641,28,automatic,OK,Brand not found (will create on import)
446,Audemars Piguet Royal Oak 210,Audemars Piguet,154236356,6,automatic,OK,Brand mapped
447,Hublot Big Bang 401,Hublot,21238903,8,automatic,OK,Brand mapped
448,IWC Portugieser 840,IWC,9463870,8,automatic,OK,Brand mapped
449,Seiko Prospex Alpinist 972,Seiko,3626663,8,automatic,OK,Brand mapped
450,Seiko Prospex Alpinist 677,Seiko,5017503,7,automatic,OK,Brand mapped
451,Hublot Classic Fusion 923,Hublot,37947474,13,automatic,OK,Brand mapped
452,TAG Heuer Aquaracer 576,TAG Heuer,10333649,16,automatic,OK,Brand mapped
453,Omega Seamaster Planet Ocean 749,Omega,16825266,4,automatic,OK,Brand mapped
454,Omega Constellation 706,Omega,19493560,27,automatic,OK,Brand mapped
455,Tudor Pelagos 181,Tudor,14217019,6,automatic,OK,Brand not found (will create on import)
456,Rolex Oyster Perpetual 680,Rolex,70086448,20,automatic,OK,Brand mapped
457,Hublot Big Bang 112,Hublot,47167920,5,automatic,OK,Brand mapped
458,Longines Conquest 633,Longines,7366030,26,automatic,OK,Brand not found (will create on import)
459,Casio Edifice 147,Casio,446996,14,automatic,OK,Brand mapped
460,Patek Philippe Nautilus 160,Patek Philippe,50614088,14,automatic,OK,Brand mapped
461,Tudor Black Bay Fifty-Eight 803,Tudor,15945080,14,automatic,OK,Brand not found (will create on import)
462,IWC Portugieser 899,IWC,16758558,1,automatic,OK,Brand mapped
463,Hublot Big Bang 753,Hublot,15725949,2,automatic,OK,Brand mapped
464,IWC Portugieser 442,IWC,16880466,28,automatic,OK,Brand mapped
465,Seiko Presage Cocktail Time 186,Seiko,3471522,29,automatic,OK,Brand mapped
466,Casio Pro Trek 429,Casio,621821,18,automatic,OK,Brand mapped
467,Hublot Big Bang 781,Hublot,29539497,20,automatic,OK,Brand mapped
468,Seiko Prospex Alpinist 551,Seiko,4491175,25,automatic,OK,Brand mapped
469,Longines HydroConquest 343,Longines,3611908,6,automatic,OK,Brand not found (will create on import)
470,TAG Heuer Carrera 754,TAG Heuer,7488843,12,automatic,OK,Brand mapped
471,Audemars Piguet Royal Oak 425,Audemars Piguet,85972770,2,automatic,OK,Brand mapped
472,Patek Philippe Aquanaut 955,Patek Philippe,65885858,23,automatic,OK,Brand mapped
473,Patek Philippe Aquanaut 391,Patek Philippe,117801701,16,automatic,OK,Brand mapped
474,Omega Speedmaster Professional 144,Omega,18075892,27,automatic,OK,Brand mapped
475,Hublot Big Bang 888,Hublot,39942258,24,automatic,OK,Brand mapped
476,Rolex GMT-Master II 931,Rolex,54263631,6,automatic,OK,Brand mapped
477,Rolex Daytona 673,Rolex,40453772,7,automatic,OK,Brand mapped
478,Longines Conquest 899,Longines,3210444,18,automatic,OK,Brand not found (will create on import)
479,TAG Heuer Aquaracer 274,TAG Heuer,5193018,2,automatic,OK,Brand mapped
480,IWC Pilot's Watch 524,IWC,22962649,2,automatic,OK,Brand mapped
481,Breitling Chronomat 310,Breitling,18955802,20,automatic,OK,Brand not found (will create on import)
482,Longines HydroConquest 794,Longines,6704167,12,automatic,OK,Brand not found (will create on import)
483,Seiko Presage Cocktail Time 513,Seiko,4587902,24,automatic,OK,Brand mapped
484,Longines Master Collection 723,Longines,3308441,7,automatic,OK,Brand not found (will create on import)
485,Audemars Piguet Royal Oak Offshore 193,Audemars Piguet,84171799,29,automatic,OK,Brand mapped
486,TAG Heuer Carrera 694,TAG Heuer,11963941,19,automatic,OK,Brand mapped
487,IWC Ingenieur 112,IWC,19994346,13,automatic,OK,Brand mapped
488,TAG Heuer Aquaracer 555,TAG Heuer,9964618,16,automatic,OK,Brand mapped
489,Audemars Piguet Royal Oak 569,Audemars Piguet,152034911,6,automatic,OK,Brand mapped
490,Hublot Big Bang 224,Hublot,22823778,27,automatic,OK,Brand mapped
491,Seiko Prospex Alpinist 277,Seiko,2384517,15,automatic,OK,Brand mapped
492,Panerai Radiomir 767,Panerai,6006923,12,automatic,OK,Brand not found (will create on import)
493,Breitling Chronomat 535,Breitling,19522126,21,automatic,OK,Brand not found (will create on import)
494,Tudor Glamour 410,Tudor,11319527,1,automatic,OK,Brand not found (will create on import)
495,Hublot Big Bang 711,Hublot,29448068,13,automatic,OK,Brand mapped
496,IWC Ingenieur 366,IWC,16539885,7,automatic,OK,Brand mapped
497,Panerai Luminor 115,Panerai,14212539,28,automatic,OK,Brand not found (will create on import)
498,Hublot Big Bang 752,Hublot,19080438,26,automatic,OK,Brand mapped
499,Seiko Prospex Diver 282,Seiko,5423720,15,automatic,OK,Brand mapped
500,Breitling Superocean 867,Breitling,19529045,5,automatic,OK,Brand not found (will create on import)