_id,name,image,images
"6a0d8905d38ea5fe36d785d1","Rolex Submariner Date","https://images.unsplash.com/photo-1542496658-e33a6d0d50f6?q=80&w=2070&auto=format&fit=crop","[]"
"6a0d8905d38ea5fe36d785d2","Rolex Submariner Date","https://images.unsplash.com/photo-1524592094714-0f0654e20314?q=80&w=1999&auto=format&fit=crop","[]"
"6a0d8905d38ea5fe36d785d3","Rolex Submariner No-Date","https://images.unsplash.com/photo-1523170335258-f5ed11844a49?q=80&w=2080&auto=format&fit=crop","[]"
"6a0d8905d38ea5fe36d785d4","Rolex Daytona","https://images.unsplash.com/photo-1587836374828-cb433c1142bc?q=80&w=2070&auto=format&fit=crop","[]"
"6a0d8905d38ea5fe36d785d5","Rolex Daytona","https://images.unsplash.com/photo-1524592094714-0f0654e20314?q=80&w=1999&auto=format&fit=crop","[]"
"6a0d8905d38ea5fe36d785d6","Rolex GMT-Master II","https://images.unsplash.com/photo-1524592094714-0f0654e20314?q=80&w=1999&auto=format&fit=crop","[]"
"6a0d8905d38ea5fe36d785d7","Rolex GMT-Master II","https://images.unsplash.com/photo-1434056886845-dac89ffe9b56?q=80&w=2070&auto=format&fit=crop","[]"
"6a0d8905d38ea5fe36d785d8","Rolex GMT-Master II","https://images.unsplash.com/photo-1587836374828-cb433c1142bc?q=80&w=2070&auto=format&fit=crop","[]"
"6a0d8905d38ea5fe36d785d9","Rolex Datejust 36","https://images.unsplash.com/photo-1542496658-e33a6d0d50f6?q=80&w=2070&auto=format&fit=crop","[]"
"6a0d8905d38ea5fe36d785da","Rolex Datejust 36","https://images.unsplash.com/photo-1587836374828-cb433c1142bc?q=80&w=2070&auto=format&fit=crop","[]"
"6a0d8905d38ea5fe36d785db","Rolex Datejust 36","https://images.unsplash.com/photo-1542496658-e33a6d0d50f6?q=80&w=2070&auto=format&fit=crop","[]"
"6a0d8905d38ea5fe36d785dc","Rolex Datejust 36","https://images.unsplash.com/photo-1524592094714-0f0654e20314?q=80&w=1999&auto=format&fit=crop","[]"
"6a0d8905d38ea5fe36d785dd","Rolex Datejust 36","https://images.unsplash.com/photo-1524592094714-0f0654e20314?q=80&w=1999&auto=format&fit=crop","[]"
"6a0d8905d38ea5fe36d785de","Rolex Datejust 36","https://images.unsplash.com/photo-1587836374828-cb433c1142bc?q=80&w=2070&auto=format&fit=crop","[]"
"6a0d8905d38ea5fe36d785df","Rolex Oyster Perpetual","https://images.unsplash.com/photo-1524592094714-0f0654e20314?q=80&w=1999&auto=format&fit=crop","[]"
"6a0d8905d38ea5fe36d785e0","Rolex Oyster Perpetual","https://images.unsplash.com/photo-1524592094714-0f0654e20314?q=80&w=1999&auto=format&fit=crop","[]"
"6a0d8905d38ea5fe36d785e1","Rolex Oyster Perpetual","https://images.unsplash.com/photo-1542496658-e33a6d0d50f6?q=80&w=2070&auto=format&fit=crop","[]"
"6a0d8905d38ea5fe36d785e2","Rolex Oyster Perpetual","https://images.unsplash.com/photo-1434056886845-dac89ffe9b56?q=80&w=2070&auto=format&fit=crop","[]"
"6a0d8905d38ea5fe36d785e3","Rolex Oyster Perpetual","https://images.unsplash.com/photo-1587836374828-cb433c1142bc?q=80&w=2070&auto=format&fit=crop","[]"
"6a0d8905d38ea5fe36d785e4","Rolex Oyster Perpetual","https://images.unsplash.com/photo-1587836374828-cb433c1142bc?q=80&w=2070&auto=format&fit=crop","[]"
"6a0d8905d38ea5fe36d785e5","Rolex Oyster Perpetual","https://images.unsplash.com/photo-1587836374828-cb433c1142bc?q=80&w=2070&auto=format&fit=crop","[]"
"6a0d8905d38ea5fe36d785e6","Rolex Oyster Perpetual","https://images.unsplash.com/photo-1434056886845-dac89ffe9b56?q=80&w=2070&auto=format&fit=crop","[]"
"6a0d8905d38ea5fe36d785e7","Rolex Oyster Perpetual","https://images.unsplash.com/photo-1523170335258-f5ed11844a49?q=80&w=2080&auto=format&fit=crop","[]"
"6a0d8905d38ea5fe36d785e8","Rolex Oyster Perpetual","https://images.unsplash.com/photo-1524592094714-0f0654e20314?q=80&w=1999&auto=format&fit=crop","[]"
"6a0d8905d38ea5fe36d785e9","Rolex Oyster Perpetual","https://images.unsplash.com/photo-1587836374828-cb433c1142bc?q=80&w=2070&auto=format&fit=crop","[]"
"6a0d8905d38ea5fe36d785ea","Rolex Oyster Perpetual","https://images.unsplash.com/photo-1587836374828-cb433c1142bc?q=80&w=2070&auto=format&fit=crop","[]"
"6a0d8905d38ea5fe36d785eb","Omega Speedmaster Moonwatch Professional","https://images.unsplash.com/photo-1524592094714-0f0654e20314?q=80&w=1999&auto=format&fit=crop","[]"
"6a0d8905d38ea5fe36d785ec","Omega Speedmaster Moonwatch Professional","https://images.unsplash.com/photo-1542496658-e33a6d0d50f6?q=80&w=2070&auto=format&fit=crop","[]"
"6a0d8905d38ea5fe36d785ed","Omega Seamaster Diver 300M","https://images.unsplash.com/photo-1523170335258-f5ed11844a49?q=80&w=2080&auto=format&fit=crop","[]"
"6a0d8905d38ea5fe36d785ee","Omega Seamaster Diver 300M","https://images.unsplash.com/photo-1524592094714-0f0654e20314?q=80&w=1999&auto=format&fit=crop","[]"
"6a0d8905d38ea5fe36d785ef","Omega Seamaster Diver 300M","https://images.unsplash.com/photo-1524592094714-0f0654e20314?q=80&w=1999&auto=format&fit=crop","[]"
"6a0d8905d38ea5fe36d785f0","Omega Seamaster Diver 300M","https://images.unsplash.com/photo-1542496658-e33a6d0d50f6?q=80&w=2070&auto=format&fit=crop","[]"
"6a0d8905d38ea5fe36d785f1","Omega Seamaster Diver 300M","https://images.unsplash.com/photo-1542496658-e33a6d0d50f6?q=80&w=2070&auto=format&fit=crop","[]"
"6a0d8905d38ea5fe36d785f2","Omega Seamaster Diver 300M","https://images.unsplash.com/photo-1542496658-e33a6d0d50f6?q=80&w=2070&auto=format&fit=crop","[]"
"6a0d8905d38ea5fe36d785f3","Omega Seamaster Diver 300M","https://images.unsplash.com/photo-1542496658-e33a6d0d50f6?q=80&w=2070&auto=format&fit=crop","[]"
"6a0d8905d38ea5fe36d785f4","Omega Seamaster Diver 300M","https://images.unsplash.com/photo-1524592094714-0f0654e20314?q=80&w=1999&auto=format&fit=crop","[]"
"6a0d8905d38ea5fe36d785f5","Omega Seamaster Diver 300M","https://images.unsplash.com/photo-1524592094714-0f0654e20314?q=80&w=1999&auto=format&fit=crop","[]"
"6a0d8905d38ea5fe36d785f6","Omega Seamaster Diver 300M","https://images.unsplash.com/photo-1587836374828-cb433c1142bc?q=80&w=2070&auto=format&fit=crop","[]"
"6a0d8905d38ea5fe36d785f7","Omega Aqua Terra 150M","https://images.unsplash.com/photo-1542496658-e33a6d0d50f6?q=80&w=2070&auto=format&fit=crop","[]"
"6a0d8905d38ea5fe36d785f8","Omega Aqua Terra 150M","https://images.unsplash.com/photo-1524592094714-0f0654e20314?q=80&w=1999&auto=format&fit=crop","[]"
"6a0d8905d38ea5fe36d785f9","Omega Aqua Terra 150M","https://images.unsplash.com/photo-1523170335258-f5ed11844a49?q=80&w=2080&auto=format&fit=crop","[]"
"6a0d8905d38ea5fe36d785fa","Omega Aqua Terra 150M","https://images.unsplash.com/photo-1587836374828-cb433c1142bc?q=80&w=2070&auto=format&fit=crop","[]"
"6a0d8905d38ea5fe36d785fb","Omega Aqua Terra 150M","https://images.unsplash.com/photo-1587836374828-cb433c1142bc?q=80&w=2070&auto=format&fit=crop","[]"
"6a0d8905d38ea5fe36d785fc","Omega Aqua Terra 150M","https://images.unsplash.com/photo-1542496658-e33a6d0d50f6?q=80&w=2070&auto=format&fit=crop","[]"
"6a0d8905d38ea5fe36d785fd","Omega Aqua Terra 150M","https://images.unsplash.com/photo-1434056886845-dac89ffe9b56?q=80&w=2070&auto=format&fit=crop","[]"
"6a0d8905d38ea5fe36d785fe","Omega Aqua Terra 150M","https://images.unsplash.com/photo-1523170335258-f5ed11844a49?q=80&w=2080&auto=format&fit=crop","[]"
"6a0d8905d38ea5fe36d785ff","Omega Planet Ocean 600M","https://images.unsplash.com/photo-1524592094714-0f0654e20314?q=80&w=1999&auto=format&fit=crop","[]"
"6a0d8905d38ea5fe36d78600","Omega Planet Ocean 600M","https://images.unsplash.com/photo-1587836374828-cb433c1142bc?q=80&w=2070&auto=format&fit=crop","[]"
"6a0d8905d38ea5fe36d78601","Casio G-Shock Original","https://images.unsplash.com/photo-1434056886845-dac89ffe9b56?q=80&w=2070&auto=format&fit=crop","[]"
"6a0d8905d38ea5fe36d78602","Casio G-Shock Original","https://images.unsplash.com/photo-1434056886845-dac89ffe9b56?q=80&w=2070&auto=format&fit=crop","[]"